"LOCATION","INDICATOR","SUBJECT","MEASURE","FREQUENCY","TIME","Value","Flag Codes"
"FRA","CCI","AMPLITUD","LTRENDIDX","M","2014-01",97.70081,
"FRA","CCI","AMPLITUD","LTRENDIDX","M","2014-02",97.79533,
"FRA","CCI","AMPLITUD","LTRENDIDX","M","2014-03",97.8284,
"FRA","CCI","AMPLITUD","LTRENDIDX","M","2014-04",97.74784,
"FRA","CCI","AMPLITUD","LTRENDIDX","M","2014-05",97.64878,
"FRA","CCI","AMPLITUD","LTRENDIDX","M","2014-06",97.59455,
"FRA","CCI","AMPLITUD","LTRENDIDX","M","2014-07",97.62916,
"FRA","CCI","AMPLITUD","LTRENDIDX","M","2014-08",97.62962,
"FRA","CCI","AMPLITUD","LTRENDIDX","M","2014-09",97.58865,
"FRA","CCI","AMPLITUD","LTRENDIDX","M","2014-10",97.6431,
"FRA","CCI","AMPLITUD","LTRENDIDX","M","2014-11",97.88409,
"FRA","CCI","AMPLITUD","LTRENDIDX","M","2014-12",98.24488,
"FRA","CCI","AMPLITUD","LTRENDIDX","M","2015-01",98.60607,
"FRA","CCI","AMPLITUD","LTRENDIDX","M","2015-02",98.92529,
"FRA","CCI","AMPLITUD","LTRENDIDX","M","2015-03",99.10682,
"FRA","CCI","AMPLITUD","LTRENDIDX","M","2015-04",99.17281,
"FRA","CCI","AMPLITUD","LTRENDIDX","M","2015-05",99.11063,
"FRA","CCI","AMPLITUD","LTRENDIDX","M","2015-06",99.06652,
"FRA","CCI","AMPLITUD","LTRENDIDX","M","2015-07",99.06157,
"FRA","CCI","AMPLITUD","LTRENDIDX","M","2015-08",99.23779,
"FRA","CCI","AMPLITUD","LTRENDIDX","M","2015-09",99.48797,
"FRA","CCI","AMPLITUD","LTRENDIDX","M","2015-10",99.68343,
"FRA","CCI","AMPLITUD","LTRENDIDX","M","2015-11",99.82769,
"FRA","CCI","AMPLITUD","LTRENDIDX","M","2015-12",99.83222,
"FRA","CCI","AMPLITUD","LTRENDIDX","M","2016-01",99.71832,
"FRA","CCI","AMPLITUD","LTRENDIDX","M","2016-02",99.4107,
"FRA","CCI","AMPLITUD","LTRENDIDX","M","2016-03",99.16868,
"FRA","CCI","AMPLITUD","LTRENDIDX","M","2016-04",99.17258,
"FRA","CCI","AMPLITUD","LTRENDIDX","M","2016-05",99.33298,
"FRA","CCI","AMPLITUD","LTRENDIDX","M","2016-06",99.34444,
"FRA","CCI","AMPLITUD","LTRENDIDX","M","2016-07",99.33305,
"FRA","CCI","AMPLITUD","LTRENDIDX","M","2016-08",99.38327,
"FRA","CCI","AMPLITUD","LTRENDIDX","M","2016-09",99.54932,
"FRA","CCI","AMPLITUD","LTRENDIDX","M","2016-10",99.74732,
"FRA","CCI","AMPLITUD","LTRENDIDX","M","2016-11",99.96424,
"FRA","CCI","AMPLITUD","LTRENDIDX","M","2016-12",100.0599,
"FRA","CCI","AMPLITUD","LTRENDIDX","M","2017-01",100.0117,
"FRA","CCI","AMPLITUD","LTRENDIDX","M","2017-02",99.93446,
"FRA","CCI","AMPLITUD","LTRENDIDX","M","2017-03",99.98396,
"FRA","CCI","AMPLITUD","LTRENDIDX","M","2017-04",100.2616,
"FRA","CCI","AMPLITUD","LTRENDIDX","M","2017-05",100.7356,
"FRA","CCI","AMPLITUD","LTRENDIDX","M","2017-06",101.2235,
"FRA","CCI","AMPLITUD","LTRENDIDX","M","2017-07",101.2353,
"FRA","CCI","AMPLITUD","LTRENDIDX","M","2017-08",100.9566,
"FRA","CCI","AMPLITUD","LTRENDIDX","M","2017-09",100.7182,
"FRA","CCI","AMPLITUD","LTRENDIDX","M","2017-10",100.7258,
"FRA","CCI","AMPLITUD","LTRENDIDX","M","2017-11",100.9531,
"FRA","CCI","AMPLITUD","LTRENDIDX","M","2017-12",101.0755,
"FRA","CCI","AMPLITUD","LTRENDIDX","M","2018-01",100.9651,
"FRA","CCI","AMPLITUD","LTRENDIDX","M","2018-02",100.7118,
"FRA","CCI","AMPLITUD","LTRENDIDX","M","2018-03",100.5031,
"FRA","CCI","AMPLITUD","LTRENDIDX","M","2018-04",100.2715,
"FRA","CCI","AMPLITUD","LTRENDIDX","M","2018-05",100.0478,
"FRA","CCI","AMPLITUD","LTRENDIDX","M","2018-06",99.84599,
"FRA","CCI","AMPLITUD","LTRENDIDX","M","2018-07",99.71423,
"FRA","CCI","AMPLITUD","LTRENDIDX","M","2018-08",99.47479,
"FRA","CCI","AMPLITUD","LTRENDIDX","M","2018-09",99.11562,
"FRA","CCI","AMPLITUD","LTRENDIDX","M","2018-10",98.79891,
"FRA","CCI","AMPLITUD","LTRENDIDX","M","2018-11",98.35474,
"FRA","CCI","AMPLITUD","LTRENDIDX","M","2018-12",98.08826,
"FRA","CCI","AMPLITUD","LTRENDIDX","M","2019-01",98.35833,
"FRA","CCI","AMPLITUD","LTRENDIDX","M","2019-02",98.80537,
"FRA","CCI","AMPLITUD","LTRENDIDX","M","2019-03",99.1488,
"FRA","CCI","AMPLITUD","LTRENDIDX","M","2019-04",99.37463,
"FRA","CCI","AMPLITUD","LTRENDIDX","M","2019-05",99.62299,
"FRA","CCI","AMPLITUD","LTRENDIDX","M","2019-06",99.87557,
"FRA","CCI","AMPLITUD","LTRENDIDX","M","2019-07",100.169,
"FRA","CCI","AMPLITUD","LTRENDIDX","M","2019-08",100.4001,
"FRA","CCI","AMPLITUD","LTRENDIDX","M","2019-09",100.6089,
"FRA","CCI","AMPLITUD","LTRENDIDX","M","2019-10",100.6328,
"FRA","CCI","AMPLITUD","LTRENDIDX","M","2019-11",100.5036,
"FRA","CCI","AMPLITUD","LTRENDIDX","M","2019-12",100.2212,
"FRA","CCI","AMPLITUD","LTRENDIDX","M","2020-01",99.96935,
"FRA","CCI","AMPLITUD","LTRENDIDX","M","2020-02",99.59084,
"FRA","CCI","AMPLITUD","LTRENDIDX","M","2020-03",98.78105,
"FRA","CCI","AMPLITUD","LTRENDIDX","M","2020-04",97.95719,
"FRA","CCI","AMPLITUD","LTRENDIDX","M","2020-05",97.88514,
"FRA","CCI","AMPLITUD","LTRENDIDX","M","2020-06",98.31065,
"FRA","CCI","AMPLITUD","LTRENDIDX","M","2020-07",98.69498,
"FRA","CCI","AMPLITUD","LTRENDIDX","M","2020-08",98.88564,
"FRA","CCI","AMPLITUD","LTRENDIDX","M","2020-09",98.8476,
"FRA","CCI","AMPLITUD","LTRENDIDX","M","2020-10",98.50138,
"FRA","CCI","AMPLITUD","LTRENDIDX","M","2020-11",98.19388,
"FRA","CCI","AMPLITUD","LTRENDIDX","M","2020-12",98.32332,
"FRA","CCI","AMPLITUD","LTRENDIDX","M","2021-01",98.34846,
"FRA","CCI","AMPLITUD","LTRENDIDX","M","2021-02",98.5922,
"FRA","CCI","AMPLITUD","LTRENDIDX","M","2021-03",99.26431,
"FRA","CCI","AMPLITUD","LTRENDIDX","M","2021-04",100.0446,
"FRA","CCI","AMPLITUD","LTRENDIDX","M","2021-05",100.738,
"FRA","CCI","AMPLITUD","LTRENDIDX","M","2021-06",101.1577,
"FRA","CCI","AMPLITUD","LTRENDIDX","M","2021-07",101.1243,
"FRA","CCI","AMPLITUD","LTRENDIDX","M","2021-08",100.9984,
"FRA","CCI","AMPLITUD","LTRENDIDX","M","2021-09",101.0211,
"FRA","CCI","AMPLITUD","LTRENDIDX","M","2021-10",100.8919,
"FRA","CCI","AMPLITUD","LTRENDIDX","M","2021-11",100.7272,
"FRA","CCI","AMPLITUD","LTRENDIDX","M","2021-12",100.4968,
"FRA","CCI","AMPLITUD","LTRENDIDX","M","2022-01",100.3038,
"FRA","CCI","AMPLITUD","LTRENDIDX","M","2022-02",100.2117,
"OECDE","CCI","AMPLITUD","LTRENDIDX","M","2014-01",99.67747,
"OECDE","CCI","AMPLITUD","LTRENDIDX","M","2014-02",99.83373,
"OECDE","CCI","AMPLITUD","LTRENDIDX","M","2014-03",100.0616,
"OECDE","CCI","AMPLITUD","LTRENDIDX","M","2014-04",100.2696,
"OECDE","CCI","AMPLITUD","LTRENDIDX","M","2014-05",100.3893,
"OECDE","CCI","AMPLITUD","LTRENDIDX","M","2014-06",100.3932,
"OECDE","CCI","AMPLITUD","LTRENDIDX","M","2014-07",100.3068,
"OECDE","CCI","AMPLITUD","LTRENDIDX","M","2014-08",100.2028,
"OECDE","CCI","AMPLITUD","LTRENDIDX","M","2014-09",100.1104,
"OECDE","CCI","AMPLITUD","LTRENDIDX","M","2014-10",100.0737,
"OECDE","CCI","AMPLITUD","LTRENDIDX","M","2014-11",100.0786,
"OECDE","CCI","AMPLITUD","LTRENDIDX","M","2014-12",100.2002,
"OECDE","CCI","AMPLITUD","LTRENDIDX","M","2015-01",100.3978,
"OECDE","CCI","AMPLITUD","LTRENDIDX","M","2015-02",100.6039,
"OECDE","CCI","AMPLITUD","LTRENDIDX","M","2015-03",100.7516,
"OECDE","CCI","AMPLITUD","LTRENDIDX","M","2015-04",100.8017,
"OECDE","CCI","AMPLITUD","LTRENDIDX","M","2015-05",100.7453,
"OECDE","CCI","AMPLITUD","LTRENDIDX","M","2015-06",100.6797,
"OECDE","CCI","AMPLITUD","LTRENDIDX","M","2015-07",100.6019,
"OECDE","CCI","AMPLITUD","LTRENDIDX","M","2015-08",100.599,
"OECDE","CCI","AMPLITUD","LTRENDIDX","M","2015-09",100.679,
"OECDE","CCI","AMPLITUD","LTRENDIDX","M","2015-10",100.8791,
"OECDE","CCI","AMPLITUD","LTRENDIDX","M","2015-11",101.1085,
"OECDE","CCI","AMPLITUD","LTRENDIDX","M","2015-12",101.2226,
"OECDE","CCI","AMPLITUD","LTRENDIDX","M","2016-01",101.1278,
"OECDE","CCI","AMPLITUD","LTRENDIDX","M","2016-02",100.9096,
"OECDE","CCI","AMPLITUD","LTRENDIDX","M","2016-03",100.7314,
"OECDE","CCI","AMPLITUD","LTRENDIDX","M","2016-04",100.6698,
"OECDE","CCI","AMPLITUD","LTRENDIDX","M","2016-05",100.6547,
"OECDE","CCI","AMPLITUD","LTRENDIDX","M","2016-06",100.6239,
"OECDE","CCI","AMPLITUD","LTRENDIDX","M","2016-07",100.5785,
"OECDE","CCI","AMPLITUD","LTRENDIDX","M","2016-08",100.6673,
"OECDE","CCI","AMPLITUD","LTRENDIDX","M","2016-09",100.8147,
"OECDE","CCI","AMPLITUD","LTRENDIDX","M","2016-10",100.9138,
"OECDE","CCI","AMPLITUD","LTRENDIDX","M","2016-11",100.9105,
"OECDE","CCI","AMPLITUD","LTRENDIDX","M","2016-12",100.8561,
"OECDE","CCI","AMPLITUD","LTRENDIDX","M","2017-01",100.7936,
"OECDE","CCI","AMPLITUD","LTRENDIDX","M","2017-02",100.7397,
"OECDE","CCI","AMPLITUD","LTRENDIDX","M","2017-03",100.7908,
"OECDE","CCI","AMPLITUD","LTRENDIDX","M","2017-04",100.9106,
"OECDE","CCI","AMPLITUD","LTRENDIDX","M","2017-05",101.0441,
"OECDE","CCI","AMPLITUD","LTRENDIDX","M","2017-06",101.1457,
"OECDE","CCI","AMPLITUD","LTRENDIDX","M","2017-07",101.2339,
"OECDE","CCI","AMPLITUD","LTRENDIDX","M","2017-08",101.2947,
"OECDE","CCI","AMPLITUD","LTRENDIDX","M","2017-09",101.3433,
"OECDE","CCI","AMPLITUD","LTRENDIDX","M","2017-10",101.3872,
"OECDE","CCI","AMPLITUD","LTRENDIDX","M","2017-11",101.4285,
"OECDE","CCI","AMPLITUD","LTRENDIDX","M","2017-12",101.4895,
"OECDE","CCI","AMPLITUD","LTRENDIDX","M","2018-01",101.5385,
"OECDE","CCI","AMPLITUD","LTRENDIDX","M","2018-02",101.5278,
"OECDE","CCI","AMPLITUD","LTRENDIDX","M","2018-03",101.4666,
"OECDE","CCI","AMPLITUD","LTRENDIDX","M","2018-04",101.406,
"OECDE","CCI","AMPLITUD","LTRENDIDX","M","2018-05",101.3727,
"OECDE","CCI","AMPLITUD","LTRENDIDX","M","2018-06",101.3511,
"OECDE","CCI","AMPLITUD","LTRENDIDX","M","2018-07",101.3068,
"OECDE","CCI","AMPLITUD","LTRENDIDX","M","2018-08",101.1396,
"OECDE","CCI","AMPLITUD","LTRENDIDX","M","2018-09",100.903,
"OECDE","CCI","AMPLITUD","LTRENDIDX","M","2018-10",100.702,
"OECDE","CCI","AMPLITUD","LTRENDIDX","M","2018-11",100.5265,
"OECDE","CCI","AMPLITUD","LTRENDIDX","M","2018-12",100.3696,
"OECDE","CCI","AMPLITUD","LTRENDIDX","M","2019-01",100.3195,
"OECDE","CCI","AMPLITUD","LTRENDIDX","M","2019-02",100.3561,
"OECDE","CCI","AMPLITUD","LTRENDIDX","M","2019-03",100.4111,
"OECDE","CCI","AMPLITUD","LTRENDIDX","M","2019-04",100.4311,
"OECDE","CCI","AMPLITUD","LTRENDIDX","M","2019-05",100.4395,
"OECDE","CCI","AMPLITUD","LTRENDIDX","M","2019-06",100.4416,
"OECDE","CCI","AMPLITUD","LTRENDIDX","M","2019-07",100.4285,
"OECDE","CCI","AMPLITUD","LTRENDIDX","M","2019-08",100.3546,
"OECDE","CCI","AMPLITUD","LTRENDIDX","M","2019-09",100.3013,
"OECDE","CCI","AMPLITUD","LTRENDIDX","M","2019-10",100.2756,
"OECDE","CCI","AMPLITUD","LTRENDIDX","M","2019-11",100.3248,
"OECDE","CCI","AMPLITUD","LTRENDIDX","M","2019-12",100.3586,
"OECDE","CCI","AMPLITUD","LTRENDIDX","M","2020-01",100.2937,
"OECDE","CCI","AMPLITUD","LTRENDIDX","M","2020-02",99.93833,
"OECDE","CCI","AMPLITUD","LTRENDIDX","M","2020-03",99.10247,
"OECDE","CCI","AMPLITUD","LTRENDIDX","M","2020-04",98.1241,
"OECDE","CCI","AMPLITUD","LTRENDIDX","M","2020-05",97.85551,
"OECDE","CCI","AMPLITUD","LTRENDIDX","M","2020-06",98.11879,
"OECDE","CCI","AMPLITUD","LTRENDIDX","M","2020-07",98.41599,
"OECDE","CCI","AMPLITUD","LTRENDIDX","M","2020-08",98.54914,
"OECDE","CCI","AMPLITUD","LTRENDIDX","M","2020-09",98.52161,
"OECDE","CCI","AMPLITUD","LTRENDIDX","M","2020-10",98.33759,
"OECDE","CCI","AMPLITUD","LTRENDIDX","M","2020-11",98.21304,
"OECDE","CCI","AMPLITUD","LTRENDIDX","M","2020-12",98.37302,
"OECDE","CCI","AMPLITUD","LTRENDIDX","M","2021-01",98.60806,
"OECDE","CCI","AMPLITUD","LTRENDIDX","M","2021-02",99.04359,
"OECDE","CCI","AMPLITUD","LTRENDIDX","M","2021-03",99.66992,
"OECDE","CCI","AMPLITUD","LTRENDIDX","M","2021-04",100.266,
"OECDE","CCI","AMPLITUD","LTRENDIDX","M","2021-05",100.7711,
"OECDE","CCI","AMPLITUD","LTRENDIDX","M","2021-06",101.0716,
"OECDE","CCI","AMPLITUD","LTRENDIDX","M","2021-07",101.1093,
"OECDE","CCI","AMPLITUD","LTRENDIDX","M","2021-08",101.0095,
"OECDE","CCI","AMPLITUD","LTRENDIDX","M","2021-09",100.8279,
"OECDE","CCI","AMPLITUD","LTRENDIDX","M","2021-10",100.5098,
"OECDE","CCI","AMPLITUD","LTRENDIDX","M","2021-11",100.1171,
"OECDE","CCI","AMPLITUD","LTRENDIDX","M","2021-12",99.77029,
"OECDE","CCI","AMPLITUD","LTRENDIDX","M","2022-01",99.49502,
"OECDE","CCI","AMPLITUD","LTRENDIDX","M","2022-02",99.22036,
"OECD","CCI","AMPLITUD","LTRENDIDX","M","2014-01",99.54726,
"OECD","CCI","AMPLITUD","LTRENDIDX","M","2014-02",99.60332,
"OECD","CCI","AMPLITUD","LTRENDIDX","M","2014-03",99.70119,
"OECD","CCI","AMPLITUD","LTRENDIDX","M","2014-04",99.82313,
"OECD","CCI","AMPLITUD","LTRENDIDX","M","2014-05",99.8857,
"OECD","CCI","AMPLITUD","LTRENDIDX","M","2014-06",99.8965,
"OECD","CCI","AMPLITUD","LTRENDIDX","M","2014-07",99.8642,
"OECD","CCI","AMPLITUD","LTRENDIDX","M","2014-08",99.85064,
"OECD","CCI","AMPLITUD","LTRENDIDX","M","2014-09",99.8735,
"OECD","CCI","AMPLITUD","LTRENDIDX","M","2014-10",99.94295,
"OECD","CCI","AMPLITUD","LTRENDIDX","M","2014-11",100.0612,
"OECD","CCI","AMPLITUD","LTRENDIDX","M","2014-12",100.2584,
"OECD","CCI","AMPLITUD","LTRENDIDX","M","2015-01",100.4544,
"OECD","CCI","AMPLITUD","LTRENDIDX","M","2015-02",100.5659,
"OECD","CCI","AMPLITUD","LTRENDIDX","M","2015-03",100.606,
"OECD","CCI","AMPLITUD","LTRENDIDX","M","2015-04",100.6013,
"OECD","CCI","AMPLITUD","LTRENDIDX","M","2015-05",100.5383,
"OECD","CCI","AMPLITUD","LTRENDIDX","M","2015-06",100.4912,
"OECD","CCI","AMPLITUD","LTRENDIDX","M","2015-07",100.3821,
"OECD","CCI","AMPLITUD","LTRENDIDX","M","2015-08",100.2953,
"OECD","CCI","AMPLITUD","LTRENDIDX","M","2015-09",100.274,
"OECD","CCI","AMPLITUD","LTRENDIDX","M","2015-10",100.4006,
"OECD","CCI","AMPLITUD","LTRENDIDX","M","2015-11",100.5567,
"OECD","CCI","AMPLITUD","LTRENDIDX","M","2015-12",100.608,
"OECD","CCI","AMPLITUD","LTRENDIDX","M","2016-01",100.5197,
"OECD","CCI","AMPLITUD","LTRENDIDX","M","2016-02",100.3809,
"OECD","CCI","AMPLITUD","LTRENDIDX","M","2016-03",100.2941,
"OECD","CCI","AMPLITUD","LTRENDIDX","M","2016-04",100.2933,
"OECD","CCI","AMPLITUD","LTRENDIDX","M","2016-05",100.3566,
"OECD","CCI","AMPLITUD","LTRENDIDX","M","2016-06",100.3512,
"OECD","CCI","AMPLITUD","LTRENDIDX","M","2016-07",100.2767,
"OECD","CCI","AMPLITUD","LTRENDIDX","M","2016-08",100.2714,
"OECD","CCI","AMPLITUD","LTRENDIDX","M","2016-09",100.3175,
"OECD","CCI","AMPLITUD","LTRENDIDX","M","2016-10",100.3632,
"OECD","CCI","AMPLITUD","LTRENDIDX","M","2016-11",100.4429,
"OECD","CCI","AMPLITUD","LTRENDIDX","M","2016-12",100.5022,
"OECD","CCI","AMPLITUD","LTRENDIDX","M","2017-01",100.4895,
"OECD","CCI","AMPLITUD","LTRENDIDX","M","2017-02",100.5015,
"OECD","CCI","AMPLITUD","LTRENDIDX","M","2017-03",100.5904,
"OECD","CCI","AMPLITUD","LTRENDIDX","M","2017-04",100.6998,
"OECD","CCI","AMPLITUD","LTRENDIDX","M","2017-05",100.7863,
"OECD","CCI","AMPLITUD","LTRENDIDX","M","2017-06",100.8257,
"OECD","CCI","AMPLITUD","LTRENDIDX","M","2017-07",100.8733,
"OECD","CCI","AMPLITUD","LTRENDIDX","M","2017-08",100.9503,
"OECD","CCI","AMPLITUD","LTRENDIDX","M","2017-09",101.0326,
"OECD","CCI","AMPLITUD","LTRENDIDX","M","2017-10",101.1279,
"OECD","CCI","AMPLITUD","LTRENDIDX","M","2017-11",101.156,
"OECD","CCI","AMPLITUD","LTRENDIDX","M","2017-12",101.1485,
"OECD","CCI","AMPLITUD","LTRENDIDX","M","2018-01",101.1511,
"OECD","CCI","AMPLITUD","LTRENDIDX","M","2018-02",101.1772,
"OECD","CCI","AMPLITUD","LTRENDIDX","M","2018-03",101.1868,
"OECD","CCI","AMPLITUD","LTRENDIDX","M","2018-04",101.1688,
"OECD","CCI","AMPLITUD","LTRENDIDX","M","2018-05",101.1663,
"OECD","CCI","AMPLITUD","LTRENDIDX","M","2018-06",101.1843,
"OECD","CCI","AMPLITUD","LTRENDIDX","M","2018-07",101.2059,
"OECD","CCI","AMPLITUD","LTRENDIDX","M","2018-08",101.1488,
"OECD","CCI","AMPLITUD","LTRENDIDX","M","2018-09",101.0597,
"OECD","CCI","AMPLITUD","LTRENDIDX","M","2018-10",100.9435,
"OECD","CCI","AMPLITUD","LTRENDIDX","M","2018-11",100.8148,
"OECD","CCI","AMPLITUD","LTRENDIDX","M","2018-12",100.7151,
"OECD","CCI","AMPLITUD","LTRENDIDX","M","2019-01",100.6711,
"OECD","CCI","AMPLITUD","LTRENDIDX","M","2019-02",100.7428,
"OECD","CCI","AMPLITUD","LTRENDIDX","M","2019-03",100.8293,
"OECD","CCI","AMPLITUD","LTRENDIDX","M","2019-04",100.8455,
"OECD","CCI","AMPLITUD","LTRENDIDX","M","2019-05",100.8178,
"OECD","CCI","AMPLITUD","LTRENDIDX","M","2019-06",100.724,
"OECD","CCI","AMPLITUD","LTRENDIDX","M","2019-07",100.5907,
"OECD","CCI","AMPLITUD","LTRENDIDX","M","2019-08",100.4287,
"OECD","CCI","AMPLITUD","LTRENDIDX","M","2019-09",100.4029,
"OECD","CCI","AMPLITUD","LTRENDIDX","M","2019-10",100.4744,
"OECD","CCI","AMPLITUD","LTRENDIDX","M","2019-11",100.6212,
"OECD","CCI","AMPLITUD","LTRENDIDX","M","2019-12",100.734,
"OECD","CCI","AMPLITUD","LTRENDIDX","M","2020-01",100.6701,
"OECD","CCI","AMPLITUD","LTRENDIDX","M","2020-02",100.182,
"OECD","CCI","AMPLITUD","LTRENDIDX","M","2020-03",99.10699,
"OECD","CCI","AMPLITUD","LTRENDIDX","M","2020-04",97.94038,
"OECD","CCI","AMPLITUD","LTRENDIDX","M","2020-05",97.54049,
"OECD","CCI","AMPLITUD","LTRENDIDX","M","2020-06",97.70229,
"OECD","CCI","AMPLITUD","LTRENDIDX","M","2020-07",97.95058,
"OECD","CCI","AMPLITUD","LTRENDIDX","M","2020-08",98.19406,
"OECD","CCI","AMPLITUD","LTRENDIDX","M","2020-09",98.411,
"OECD","CCI","AMPLITUD","LTRENDIDX","M","2020-10",98.4861,
"OECD","CCI","AMPLITUD","LTRENDIDX","M","2020-11",98.47776,
"OECD","CCI","AMPLITUD","LTRENDIDX","M","2020-12",98.57647,
"OECD","CCI","AMPLITUD","LTRENDIDX","M","2021-01",98.71801,
"OECD","CCI","AMPLITUD","LTRENDIDX","M","2021-02",99.03592,
"OECD","CCI","AMPLITUD","LTRENDIDX","M","2021-03",99.52718,
"OECD","CCI","AMPLITUD","LTRENDIDX","M","2021-04",99.93105,
"OECD","CCI","AMPLITUD","LTRENDIDX","M","2021-05",100.1867,
"OECD","CCI","AMPLITUD","LTRENDIDX","M","2021-06",100.3123,
"OECD","CCI","AMPLITUD","LTRENDIDX","M","2021-07",100.1882,
"OECD","CCI","AMPLITUD","LTRENDIDX","M","2021-08",99.93813,
"OECD","CCI","AMPLITUD","LTRENDIDX","M","2021-09",99.77771,
"OECD","CCI","AMPLITUD","LTRENDIDX","M","2021-10",99.61159,
"OECD","CCI","AMPLITUD","LTRENDIDX","M","2021-11",99.39796,
"OECD","CCI","AMPLITUD","LTRENDIDX","M","2021-12",99.16887,
"OECD","CCI","AMPLITUD","LTRENDIDX","M","2022-01",98.87833,
"OECD","CCI","AMPLITUD","LTRENDIDX","M","2022-02",98.5511,
"GBR","CCI","AMPLITUD","LTRENDIDX","M","2014-01",100.4908,
"GBR","CCI","AMPLITUD","LTRENDIDX","M","2014-02",100.8826,
"GBR","CCI","AMPLITUD","LTRENDIDX","M","2014-03",101.2478,
"GBR","CCI","AMPLITUD","LTRENDIDX","M","2014-04",101.54,
"GBR","CCI","AMPLITUD","LTRENDIDX","M","2014-05",101.7105,
"GBR","CCI","AMPLITUD","LTRENDIDX","M","2014-06",101.8072,
"GBR","CCI","AMPLITUD","LTRENDIDX","M","2014-07",101.8046,
"GBR","CCI","AMPLITUD","LTRENDIDX","M","2014-08",101.7872,
"GBR","CCI","AMPLITUD","LTRENDIDX","M","2014-09",101.6156,
"GBR","CCI","AMPLITUD","LTRENDIDX","M","2014-10",101.5321,
"GBR","CCI","AMPLITUD","LTRENDIDX","M","2014-11",101.4926,
"GBR","CCI","AMPLITUD","LTRENDIDX","M","2014-12",101.6416,
"GBR","CCI","AMPLITUD","LTRENDIDX","M","2015-01",101.9603,
"GBR","CCI","AMPLITUD","LTRENDIDX","M","2015-02",102.2573,
"GBR","CCI","AMPLITUD","LTRENDIDX","M","2015-03",102.4656,
"GBR","CCI","AMPLITUD","LTRENDIDX","M","2015-04",102.458,
"GBR","CCI","AMPLITUD","LTRENDIDX","M","2015-05",102.3147,
"GBR","CCI","AMPLITUD","LTRENDIDX","M","2015-06",102.4706,
"GBR","CCI","AMPLITUD","LTRENDIDX","M","2015-07",102.5708,
"GBR","CCI","AMPLITUD","LTRENDIDX","M","2015-08",102.5467,
"GBR","CCI","AMPLITUD","LTRENDIDX","M","2015-09",102.46,
"GBR","CCI","AMPLITUD","LTRENDIDX","M","2015-10",102.4421,
"GBR","CCI","AMPLITUD","LTRENDIDX","M","2015-11",102.5017,
"GBR","CCI","AMPLITUD","LTRENDIDX","M","2015-12",102.7102,
"GBR","CCI","AMPLITUD","LTRENDIDX","M","2016-01",102.722,
"GBR","CCI","AMPLITUD","LTRENDIDX","M","2016-02",102.5184,
"GBR","CCI","AMPLITUD","LTRENDIDX","M","2016-03",102.2834,
"GBR","CCI","AMPLITUD","LTRENDIDX","M","2016-04",102.0474,
"GBR","CCI","AMPLITUD","LTRENDIDX","M","2016-05",101.7825,
"GBR","CCI","AMPLITUD","LTRENDIDX","M","2016-06",101.33,
"GBR","CCI","AMPLITUD","LTRENDIDX","M","2016-07",100.722,
"GBR","CCI","AMPLITUD","LTRENDIDX","M","2016-08",100.7172,
"GBR","CCI","AMPLITUD","LTRENDIDX","M","2016-09",101.114,
"GBR","CCI","AMPLITUD","LTRENDIDX","M","2016-10",101.2863,
"GBR","CCI","AMPLITUD","LTRENDIDX","M","2016-11",101.1874,
"GBR","CCI","AMPLITUD","LTRENDIDX","M","2016-12",101.093,
"GBR","CCI","AMPLITUD","LTRENDIDX","M","2017-01",100.9728,
"GBR","CCI","AMPLITUD","LTRENDIDX","M","2017-02",100.8643,
"GBR","CCI","AMPLITUD","LTRENDIDX","M","2017-03",100.8254,
"GBR","CCI","AMPLITUD","LTRENDIDX","M","2017-04",100.7909,
"GBR","CCI","AMPLITUD","LTRENDIDX","M","2017-05",100.6951,
"GBR","CCI","AMPLITUD","LTRENDIDX","M","2017-06",100.5065,
"GBR","CCI","AMPLITUD","LTRENDIDX","M","2017-07",100.4357,
"GBR","CCI","AMPLITUD","LTRENDIDX","M","2017-08",100.3681,
"GBR","CCI","AMPLITUD","LTRENDIDX","M","2017-09",100.3545,
"GBR","CCI","AMPLITUD","LTRENDIDX","M","2017-10",100.3987,
"GBR","CCI","AMPLITUD","LTRENDIDX","M","2017-11",100.4151,
"GBR","CCI","AMPLITUD","LTRENDIDX","M","2017-12",100.4367,
"GBR","CCI","AMPLITUD","LTRENDIDX","M","2018-01",100.5145,
"GBR","CCI","AMPLITUD","LTRENDIDX","M","2018-02",100.6398,
"GBR","CCI","AMPLITUD","LTRENDIDX","M","2018-03",100.751,
"GBR","CCI","AMPLITUD","LTRENDIDX","M","2018-04",100.8035,
"GBR","CCI","AMPLITUD","LTRENDIDX","M","2018-05",100.9388,
"GBR","CCI","AMPLITUD","LTRENDIDX","M","2018-06",100.9842,
"GBR","CCI","AMPLITUD","LTRENDIDX","M","2018-07",101.0732,
"GBR","CCI","AMPLITUD","LTRENDIDX","M","2018-08",100.9842,
"GBR","CCI","AMPLITUD","LTRENDIDX","M","2018-09",100.7797,
"GBR","CCI","AMPLITUD","LTRENDIDX","M","2018-10",100.5587,
"GBR","CCI","AMPLITUD","LTRENDIDX","M","2018-11",100.27,
"GBR","CCI","AMPLITUD","LTRENDIDX","M","2018-12",99.93256,
"GBR","CCI","AMPLITUD","LTRENDIDX","M","2019-01",99.61681,
"GBR","CCI","AMPLITUD","LTRENDIDX","M","2019-02",99.47366,
"GBR","CCI","AMPLITUD","LTRENDIDX","M","2019-03",99.46258,
"GBR","CCI","AMPLITUD","LTRENDIDX","M","2019-04",99.63466,
"GBR","CCI","AMPLITUD","LTRENDIDX","M","2019-05",99.89175,
"GBR","CCI","AMPLITUD","LTRENDIDX","M","2019-06",99.98235,
"GBR","CCI","AMPLITUD","LTRENDIDX","M","2019-07",100.0284,
"GBR","CCI","AMPLITUD","LTRENDIDX","M","2019-08",99.8186,
"GBR","CCI","AMPLITUD","LTRENDIDX","M","2019-09",99.77071,
"GBR","CCI","AMPLITUD","LTRENDIDX","M","2019-10",99.88105,
"GBR","CCI","AMPLITUD","LTRENDIDX","M","2019-11",100.2205,
"GBR","CCI","AMPLITUD","LTRENDIDX","M","2019-12",100.6,
"GBR","CCI","AMPLITUD","LTRENDIDX","M","2020-01",100.7356,
"GBR","CCI","AMPLITUD","LTRENDIDX","M","2020-02",100.3442,
"GBR","CCI","AMPLITUD","LTRENDIDX","M","2020-03",99.17618,
"GBR","CCI","AMPLITUD","LTRENDIDX","M","2020-04",97.49078,
"GBR","CCI","AMPLITUD","LTRENDIDX","M","2020-05",96.66434,
"GBR","CCI","AMPLITUD","LTRENDIDX","M","2020-06",96.81612,
"GBR","CCI","AMPLITUD","LTRENDIDX","M","2020-07",97.35487,
"GBR","CCI","AMPLITUD","LTRENDIDX","M","2020-08",97.58287,
"GBR","CCI","AMPLITUD","LTRENDIDX","M","2020-09",97.38909,
"GBR","CCI","AMPLITUD","LTRENDIDX","M","2020-10",97.02113,
"GBR","CCI","AMPLITUD","LTRENDIDX","M","2020-11",96.91505,
"GBR","CCI","AMPLITUD","LTRENDIDX","M","2020-12",97.36348,
"GBR","CCI","AMPLITUD","LTRENDIDX","M","2021-01",98.00573,
"GBR","CCI","AMPLITUD","LTRENDIDX","M","2021-02",99.17114,
"GBR","CCI","AMPLITUD","LTRENDIDX","M","2021-03",100.5929,
"GBR","CCI","AMPLITUD","LTRENDIDX","M","2021-04",101.7126,
"GBR","CCI","AMPLITUD","LTRENDIDX","M","2021-05",102.5676,
"GBR","CCI","AMPLITUD","LTRENDIDX","M","2021-06",102.9521,
"GBR","CCI","AMPLITUD","LTRENDIDX","M","2021-07",102.8912,
"GBR","CCI","AMPLITUD","LTRENDIDX","M","2021-08",102.3272,
"GBR","CCI","AMPLITUD","LTRENDIDX","M","2021-09",101.3895,
"GBR","CCI","AMPLITUD","LTRENDIDX","M","2021-10",100.6093,
"GBR","CCI","AMPLITUD","LTRENDIDX","M","2021-11",100.2476,
"GBR","CCI","AMPLITUD","LTRENDIDX","M","2021-12",99.74503,
"GBR","CCI","AMPLITUD","LTRENDIDX","M","2022-01",98.71414,
"GBR","CCI","AMPLITUD","LTRENDIDX","M","2022-02",97.23147,
"ESP","CCI","AMPLITUD","LTRENDIDX","M","2014-01",97.63521,
"ESP","CCI","AMPLITUD","LTRENDIDX","M","2014-02",98.15719,
"ESP","CCI","AMPLITUD","LTRENDIDX","M","2014-03",98.65564,
"ESP","CCI","AMPLITUD","LTRENDIDX","M","2014-04",99.02534,
"ESP","CCI","AMPLITUD","LTRENDIDX","M","2014-05",99.33889,
"ESP","CCI","AMPLITUD","LTRENDIDX","M","2014-06",99.63744,
"ESP","CCI","AMPLITUD","LTRENDIDX","M","2014-07",99.74533,
"ESP","CCI","AMPLITUD","LTRENDIDX","M","2014-08",99.83757,
"ESP","CCI","AMPLITUD","LTRENDIDX","M","2014-09",99.75456,
"ESP","CCI","AMPLITUD","LTRENDIDX","M","2014-10",99.61548,
"ESP","CCI","AMPLITUD","LTRENDIDX","M","2014-11",99.61262,
"ESP","CCI","AMPLITUD","LTRENDIDX","M","2014-12",100.1825,
"ESP","CCI","AMPLITUD","LTRENDIDX","M","2015-01",100.9827,
"ESP","CCI","AMPLITUD","LTRENDIDX","M","2015-02",101.6364,
"ESP","CCI","AMPLITUD","LTRENDIDX","M","2015-03",102.1513,
"ESP","CCI","AMPLITUD","LTRENDIDX","M","2015-04",102.4581,
"ESP","CCI","AMPLITUD","LTRENDIDX","M","2015-05",102.3447,
"ESP","CCI","AMPLITUD","LTRENDIDX","M","2015-06",102.0472,
"ESP","CCI","AMPLITUD","LTRENDIDX","M","2015-07",101.9466,
"ESP","CCI","AMPLITUD","LTRENDIDX","M","2015-08",102.1287,
"ESP","CCI","AMPLITUD","LTRENDIDX","M","2015-09",102.4523,
"ESP","CCI","AMPLITUD","LTRENDIDX","M","2015-10",102.9129,
"ESP","CCI","AMPLITUD","LTRENDIDX","M","2015-11",103.3505,
"ESP","CCI","AMPLITUD","LTRENDIDX","M","2015-12",103.5667,
"ESP","CCI","AMPLITUD","LTRENDIDX","M","2016-01",103.1756,
"ESP","CCI","AMPLITUD","LTRENDIDX","M","2016-02",102.6387,
"ESP","CCI","AMPLITUD","LTRENDIDX","M","2016-03",102.0838,
"ESP","CCI","AMPLITUD","LTRENDIDX","M","2016-04",101.7784,
"ESP","CCI","AMPLITUD","LTRENDIDX","M","2016-05",101.5618,
"ESP","CCI","AMPLITUD","LTRENDIDX","M","2016-06",101.3751,
"ESP","CCI","AMPLITUD","LTRENDIDX","M","2016-07",101.2211,
"ESP","CCI","AMPLITUD","LTRENDIDX","M","2016-08",101.3513,
"ESP","CCI","AMPLITUD","LTRENDIDX","M","2016-09",101.554,
"ESP","CCI","AMPLITUD","LTRENDIDX","M","2016-10",101.8894,
"ESP","CCI","AMPLITUD","LTRENDIDX","M","2016-11",102.1028,
"ESP","CCI","AMPLITUD","LTRENDIDX","M","2016-12",102.0908,
"ESP","CCI","AMPLITUD","LTRENDIDX","M","2017-01",101.976,
"ESP","CCI","AMPLITUD","LTRENDIDX","M","2017-02",101.9273,
"ESP","CCI","AMPLITUD","LTRENDIDX","M","2017-03",102.1138,
"ESP","CCI","AMPLITUD","LTRENDIDX","M","2017-04",102.4972,
"ESP","CCI","AMPLITUD","LTRENDIDX","M","2017-05",102.9019,
"ESP","CCI","AMPLITUD","LTRENDIDX","M","2017-06",103.1764,
"ESP","CCI","AMPLITUD","LTRENDIDX","M","2017-07",103.3986,
"ESP","CCI","AMPLITUD","LTRENDIDX","M","2017-08",103.4404,
"ESP","CCI","AMPLITUD","LTRENDIDX","M","2017-09",103.3229,
"ESP","CCI","AMPLITUD","LTRENDIDX","M","2017-10",103.2068,
"ESP","CCI","AMPLITUD","LTRENDIDX","M","2017-11",103.125,
"ESP","CCI","AMPLITUD","LTRENDIDX","M","2017-12",103.0346,
"ESP","CCI","AMPLITUD","LTRENDIDX","M","2018-01",102.8984,
"ESP","CCI","AMPLITUD","LTRENDIDX","M","2018-02",102.6795,
"ESP","CCI","AMPLITUD","LTRENDIDX","M","2018-03",102.4453,
"ESP","CCI","AMPLITUD","LTRENDIDX","M","2018-04",102.5541,
"ESP","CCI","AMPLITUD","LTRENDIDX","M","2018-05",102.9275,
"ESP","CCI","AMPLITUD","LTRENDIDX","M","2018-06",103.2623,
"ESP","CCI","AMPLITUD","LTRENDIDX","M","2018-07",103.202,
"ESP","CCI","AMPLITUD","LTRENDIDX","M","2018-08",102.7721,
"ESP","CCI","AMPLITUD","LTRENDIDX","M","2018-09",102.2477,
"ESP","CCI","AMPLITUD","LTRENDIDX","M","2018-10",101.974,
"ESP","CCI","AMPLITUD","LTRENDIDX","M","2018-11",101.8967,
"ESP","CCI","AMPLITUD","LTRENDIDX","M","2018-12",101.8035,
"ESP","CCI","AMPLITUD","LTRENDIDX","M","2019-01",101.9147,
"ESP","CCI","AMPLITUD","LTRENDIDX","M","2019-02",102.2387,
"ESP","CCI","AMPLITUD","LTRENDIDX","M","2019-03",102.5569,
"ESP","CCI","AMPLITUD","LTRENDIDX","M","2019-04",102.5812,
"ESP","CCI","AMPLITUD","LTRENDIDX","M","2019-05",102.7253,
"ESP","CCI","AMPLITUD","LTRENDIDX","M","2019-06",102.7665,
"ESP","CCI","AMPLITUD","LTRENDIDX","M","2019-07",102.4705,
"ESP","CCI","AMPLITUD","LTRENDIDX","M","2019-08",102.064,
"ESP","CCI","AMPLITUD","LTRENDIDX","M","2019-09",101.632,
"ESP","CCI","AMPLITUD","LTRENDIDX","M","2019-10",101.1081,
"ESP","CCI","AMPLITUD","LTRENDIDX","M","2019-11",100.706,
"ESP","CCI","AMPLITUD","LTRENDIDX","M","2019-12",100.5133,
"ESP","CCI","AMPLITUD","LTRENDIDX","M","2020-01",100.5094,
"ESP","CCI","AMPLITUD","LTRENDIDX","M","2020-02",100.1799,
"ESP","CCI","AMPLITUD","LTRENDIDX","M","2020-03",98.71421,
"ESP","CCI","AMPLITUD","LTRENDIDX","M","2020-04",96.48838,
"ESP","CCI","AMPLITUD","LTRENDIDX","M","2020-05",95.34495,
"ESP","CCI","AMPLITUD","LTRENDIDX","M","2020-06",95.17406,
"ESP","CCI","AMPLITUD","LTRENDIDX","M","2020-07",95.18526,
"ESP","CCI","AMPLITUD","LTRENDIDX","M","2020-08",95.10459,
"ESP","CCI","AMPLITUD","LTRENDIDX","M","2020-09",95.16348,
"ESP","CCI","AMPLITUD","LTRENDIDX","M","2020-10",95.1851,
"ESP","CCI","AMPLITUD","LTRENDIDX","M","2020-11",95.29532,
"ESP","CCI","AMPLITUD","LTRENDIDX","M","2020-12",95.77266,
"ESP","CCI","AMPLITUD","LTRENDIDX","M","2021-01",96.20055,
"ESP","CCI","AMPLITUD","LTRENDIDX","M","2021-02",96.88207,
"ESP","CCI","AMPLITUD","LTRENDIDX","M","2021-03",98.21973,
"ESP","CCI","AMPLITUD","LTRENDIDX","M","2021-04",99.5528,
"ESP","CCI","AMPLITUD","LTRENDIDX","M","2021-05",100.3212,
"ESP","CCI","AMPLITUD","LTRENDIDX","M","2021-06",100.5926,
"ESP","CCI","AMPLITUD","LTRENDIDX","M","2021-07",100.839,
"ESP","CCI","AMPLITUD","LTRENDIDX","M","2021-08",101.0881,
"ESP","CCI","AMPLITUD","LTRENDIDX","M","2021-09",101.1582,
"ESP","CCI","AMPLITUD","LTRENDIDX","M","2021-10",100.954,
"ESP","CCI","AMPLITUD","LTRENDIDX","M","2021-11",100.3646,
"ESP","CCI","AMPLITUD","LTRENDIDX","M","2021-12",100.045,
"ESP","CCI","AMPLITUD","LTRENDIDX","M","2022-01",100.1771,
"ESP","CCI","AMPLITUD","LTRENDIDX","M","2022-02",100.5976,
"G-7","CCI","AMPLITUD","LTRENDIDX","M","2014-01",99.41271,
"G-7","CCI","AMPLITUD","LTRENDIDX","M","2014-02",99.47398,
"G-7","CCI","AMPLITUD","LTRENDIDX","M","2014-03",99.54176,
"G-7","CCI","AMPLITUD","LTRENDIDX","M","2014-04",99.65425,
"G-7","CCI","AMPLITUD","LTRENDIDX","M","2014-05",99.7261,
"G-7","CCI","AMPLITUD","LTRENDIDX","M","2014-06",99.74934,
"G-7","CCI","AMPLITUD","LTRENDIDX","M","2014-07",99.73467,
"G-7","CCI","AMPLITUD","LTRENDIDX","M","2014-08",99.73565,
"G-7","CCI","AMPLITUD","LTRENDIDX","M","2014-09",99.77762,
"G-7","CCI","AMPLITUD","LTRENDIDX","M","2014-10",99.88611,
"G-7","CCI","AMPLITUD","LTRENDIDX","M","2014-11",100.0642,
"G-7","CCI","AMPLITUD","LTRENDIDX","M","2014-12",100.335,
"G-7","CCI","AMPLITUD","LTRENDIDX","M","2015-01",100.5906,
"G-7","CCI","AMPLITUD","LTRENDIDX","M","2015-02",100.7179,
"G-7","CCI","AMPLITUD","LTRENDIDX","M","2015-03",100.7558,
"G-7","CCI","AMPLITUD","LTRENDIDX","M","2015-04",100.7416,
"G-7","CCI","AMPLITUD","LTRENDIDX","M","2015-05",100.6723,
"G-7","CCI","AMPLITUD","LTRENDIDX","M","2015-06",100.6679,
"G-7","CCI","AMPLITUD","LTRENDIDX","M","2015-07",100.5919,
"G-7","CCI","AMPLITUD","LTRENDIDX","M","2015-08",100.5078,
"G-7","CCI","AMPLITUD","LTRENDIDX","M","2015-09",100.4531,
"G-7","CCI","AMPLITUD","LTRENDIDX","M","2015-10",100.5262,
"G-7","CCI","AMPLITUD","LTRENDIDX","M","2015-11",100.6346,
"G-7","CCI","AMPLITUD","LTRENDIDX","M","2015-12",100.6832,
"G-7","CCI","AMPLITUD","LTRENDIDX","M","2016-01",100.6283,
"G-7","CCI","AMPLITUD","LTRENDIDX","M","2016-02",100.5198,
"G-7","CCI","AMPLITUD","LTRENDIDX","M","2016-03",100.4535,
"G-7","CCI","AMPLITUD","LTRENDIDX","M","2016-04",100.4625,
"G-7","CCI","AMPLITUD","LTRENDIDX","M","2016-05",100.5451,
"G-7","CCI","AMPLITUD","LTRENDIDX","M","2016-06",100.5311,
"G-7","CCI","AMPLITUD","LTRENDIDX","M","2016-07",100.4304,
"G-7","CCI","AMPLITUD","LTRENDIDX","M","2016-08",100.3817,
"G-7","CCI","AMPLITUD","LTRENDIDX","M","2016-09",100.4081,
"G-7","CCI","AMPLITUD","LTRENDIDX","M","2016-10",100.4709,
"G-7","CCI","AMPLITUD","LTRENDIDX","M","2016-11",100.6654,
"G-7","CCI","AMPLITUD","LTRENDIDX","M","2016-12",100.8755,
"G-7","CCI","AMPLITUD","LTRENDIDX","M","2017-01",100.9598,
"G-7","CCI","AMPLITUD","LTRENDIDX","M","2017-02",100.9447,
"G-7","CCI","AMPLITUD","LTRENDIDX","M","2017-03",100.941,
"G-7","CCI","AMPLITUD","LTRENDIDX","M","2017-04",100.9415,
"G-7","CCI","AMPLITUD","LTRENDIDX","M","2017-05",100.941,
"G-7","CCI","AMPLITUD","LTRENDIDX","M","2017-06",100.924,
"G-7","CCI","AMPLITUD","LTRENDIDX","M","2017-07",100.9409,
"G-7","CCI","AMPLITUD","LTRENDIDX","M","2017-08",101.0242,
"G-7","CCI","AMPLITUD","LTRENDIDX","M","2017-09",101.1268,
"G-7","CCI","AMPLITUD","LTRENDIDX","M","2017-10",101.2651,
"G-7","CCI","AMPLITUD","LTRENDIDX","M","2017-11",101.3092,
"G-7","CCI","AMPLITUD","LTRENDIDX","M","2017-12",101.2938,
"G-7","CCI","AMPLITUD","LTRENDIDX","M","2018-01",101.2943,
"G-7","CCI","AMPLITUD","LTRENDIDX","M","2018-02",101.3421,
"G-7","CCI","AMPLITUD","LTRENDIDX","M","2018-03",101.3659,
"G-7","CCI","AMPLITUD","LTRENDIDX","M","2018-04",101.3105,
"G-7","CCI","AMPLITUD","LTRENDIDX","M","2018-05",101.245,
"G-7","CCI","AMPLITUD","LTRENDIDX","M","2018-06",101.1986,
"G-7","CCI","AMPLITUD","LTRENDIDX","M","2018-07",101.1803,
"G-7","CCI","AMPLITUD","LTRENDIDX","M","2018-08",101.1655,
"G-7","CCI","AMPLITUD","LTRENDIDX","M","2018-09",101.1639,
"G-7","CCI","AMPLITUD","LTRENDIDX","M","2018-10",101.0959,
"G-7","CCI","AMPLITUD","LTRENDIDX","M","2018-11",100.9436,
"G-7","CCI","AMPLITUD","LTRENDIDX","M","2018-12",100.7619,
"G-7","CCI","AMPLITUD","LTRENDIDX","M","2019-01",100.6188,
"G-7","CCI","AMPLITUD","LTRENDIDX","M","2019-02",100.6438,
"G-7","CCI","AMPLITUD","LTRENDIDX","M","2019-03",100.7563,
"G-7","CCI","AMPLITUD","LTRENDIDX","M","2019-04",100.8398,
"G-7","CCI","AMPLITUD","LTRENDIDX","M","2019-05",100.8916,
"G-7","CCI","AMPLITUD","LTRENDIDX","M","2019-06",100.8194,
"G-7","CCI","AMPLITUD","LTRENDIDX","M","2019-07",100.6727,
"G-7","CCI","AMPLITUD","LTRENDIDX","M","2019-08",100.458,
"G-7","CCI","AMPLITUD","LTRENDIDX","M","2019-09",100.431,
"G-7","CCI","AMPLITUD","LTRENDIDX","M","2019-10",100.5553,
"G-7","CCI","AMPLITUD","LTRENDIDX","M","2019-11",100.7642,
"G-7","CCI","AMPLITUD","LTRENDIDX","M","2019-12",100.9236,
"G-7","CCI","AMPLITUD","LTRENDIDX","M","2020-01",100.8764,
"G-7","CCI","AMPLITUD","LTRENDIDX","M","2020-02",100.3855,
"G-7","CCI","AMPLITUD","LTRENDIDX","M","2020-03",99.29874,
"G-7","CCI","AMPLITUD","LTRENDIDX","M","2020-04",98.17233,
"G-7","CCI","AMPLITUD","LTRENDIDX","M","2020-05",97.78888,
"G-7","CCI","AMPLITUD","LTRENDIDX","M","2020-06",97.96469,
"G-7","CCI","AMPLITUD","LTRENDIDX","M","2020-07",98.19894,
"G-7","CCI","AMPLITUD","LTRENDIDX","M","2020-08",98.44566,
"G-7","CCI","AMPLITUD","LTRENDIDX","M","2020-09",98.65625,
"G-7","CCI","AMPLITUD","LTRENDIDX","M","2020-10",98.66751,
"G-7","CCI","AMPLITUD","LTRENDIDX","M","2020-11",98.57338,
"G-7","CCI","AMPLITUD","LTRENDIDX","M","2020-12",98.60655,
"G-7","CCI","AMPLITUD","LTRENDIDX","M","2021-01",98.6881,
"G-7","CCI","AMPLITUD","LTRENDIDX","M","2021-02",98.98859,
"G-7","CCI","AMPLITUD","LTRENDIDX","M","2021-03",99.4968,
"G-7","CCI","AMPLITUD","LTRENDIDX","M","2021-04",99.89677,
"G-7","CCI","AMPLITUD","LTRENDIDX","M","2021-05",100.1263,
"G-7","CCI","AMPLITUD","LTRENDIDX","M","2021-06",100.211,
"G-7","CCI","AMPLITUD","LTRENDIDX","M","2021-07",100.009,
"G-7","CCI","AMPLITUD","LTRENDIDX","M","2021-08",99.65437,
"G-7","CCI","AMPLITUD","LTRENDIDX","M","2021-09",99.43992,
"G-7","CCI","AMPLITUD","LTRENDIDX","M","2021-10",99.27901,
"G-7","CCI","AMPLITUD","LTRENDIDX","M","2021-11",99.11015,
"G-7","CCI","AMPLITUD","LTRENDIDX","M","2021-12",98.91695,
"G-7","CCI","AMPLITUD","LTRENDIDX","M","2022-01",98.58463,
"G-7","CCI","AMPLITUD","LTRENDIDX","M","2022-02",98.15868,
"ITA","CCI","AMPLITUD","LTRENDIDX","M","2014-01",97.62435,
"ITA","CCI","AMPLITUD","LTRENDIDX","M","2014-02",97.98631,
"ITA","CCI","AMPLITUD","LTRENDIDX","M","2014-03",98.61523,
"ITA","CCI","AMPLITUD","LTRENDIDX","M","2014-04",99.31358,
"ITA","CCI","AMPLITUD","LTRENDIDX","M","2014-05",99.73313,
"ITA","CCI","AMPLITUD","LTRENDIDX","M","2014-06",99.58096,
"ITA","CCI","AMPLITUD","LTRENDIDX","M","2014-07",99.13091,
"ITA","CCI","AMPLITUD","LTRENDIDX","M","2014-08",98.71079,
"ITA","CCI","AMPLITUD","LTRENDIDX","M","2014-09",98.54057,
"ITA","CCI","AMPLITUD","LTRENDIDX","M","2014-10",98.46097,
"ITA","CCI","AMPLITUD","LTRENDIDX","M","2014-11",98.3696,
"ITA","CCI","AMPLITUD","LTRENDIDX","M","2014-12",98.43363,
"ITA","CCI","AMPLITUD","LTRENDIDX","M","2015-01",98.83533,
"ITA","CCI","AMPLITUD","LTRENDIDX","M","2015-02",99.41545,
"ITA","CCI","AMPLITUD","LTRENDIDX","M","2015-03",99.75028,
"ITA","CCI","AMPLITUD","LTRENDIDX","M","2015-04",99.79519,
"ITA","CCI","AMPLITUD","LTRENDIDX","M","2015-05",99.70933,
"ITA","CCI","AMPLITUD","LTRENDIDX","M","2015-06",99.62461,
"ITA","CCI","AMPLITUD","LTRENDIDX","M","2015-07",99.6517,
"ITA","CCI","AMPLITUD","LTRENDIDX","M","2015-08",100.0179,
"ITA","CCI","AMPLITUD","LTRENDIDX","M","2015-09",100.6147,
"ITA","CCI","AMPLITUD","LTRENDIDX","M","2015-10",101.2163,
"ITA","CCI","AMPLITUD","LTRENDIDX","M","2015-11",101.5749,
"ITA","CCI","AMPLITUD","LTRENDIDX","M","2015-12",101.6433,
"ITA","CCI","AMPLITUD","LTRENDIDX","M","2016-01",101.5094,
"ITA","CCI","AMPLITUD","LTRENDIDX","M","2016-02",101.1941,
"ITA","CCI","AMPLITUD","LTRENDIDX","M","2016-03",100.8657,
"ITA","CCI","AMPLITUD","LTRENDIDX","M","2016-04",100.6494,
"ITA","CCI","AMPLITUD","LTRENDIDX","M","2016-05",100.4768,
"ITA","CCI","AMPLITUD","LTRENDIDX","M","2016-06",100.4359,
"ITA","CCI","AMPLITUD","LTRENDIDX","M","2016-07",100.4108,
"ITA","CCI","AMPLITUD","LTRENDIDX","M","2016-08",100.123,
"ITA","CCI","AMPLITUD","LTRENDIDX","M","2016-09",99.82174,
"ITA","CCI","AMPLITUD","LTRENDIDX","M","2016-10",99.77349,
"ITA","CCI","AMPLITUD","LTRENDIDX","M","2016-11",99.84509,
"ITA","CCI","AMPLITUD","LTRENDIDX","M","2016-12",99.95097,
"ITA","CCI","AMPLITUD","LTRENDIDX","M","2017-01",99.92841,
"ITA","CCI","AMPLITUD","LTRENDIDX","M","2017-02",99.69759,
"ITA","CCI","AMPLITUD","LTRENDIDX","M","2017-03",99.49702,
"ITA","CCI","AMPLITUD","LTRENDIDX","M","2017-04",99.26312,
"ITA","CCI","AMPLITUD","LTRENDIDX","M","2017-05",99.09677,
"ITA","CCI","AMPLITUD","LTRENDIDX","M","2017-06",99.07164,
"ITA","CCI","AMPLITUD","LTRENDIDX","M","2017-07",99.40054,
"ITA","CCI","AMPLITUD","LTRENDIDX","M","2017-08",99.98175,
"ITA","CCI","AMPLITUD","LTRENDIDX","M","2017-09",100.5223,
"ITA","CCI","AMPLITUD","LTRENDIDX","M","2017-10",100.8877,
"ITA","CCI","AMPLITUD","LTRENDIDX","M","2017-11",101.0937,
"ITA","CCI","AMPLITUD","LTRENDIDX","M","2017-12",101.2596,
"ITA","CCI","AMPLITUD","LTRENDIDX","M","2018-01",101.2429,
"ITA","CCI","AMPLITUD","LTRENDIDX","M","2018-02",101.1651,
"ITA","CCI","AMPLITUD","LTRENDIDX","M","2018-03",101.1358,
"ITA","CCI","AMPLITUD","LTRENDIDX","M","2018-04",101.1971,
"ITA","CCI","AMPLITUD","LTRENDIDX","M","2018-05",101.247,
"ITA","CCI","AMPLITUD","LTRENDIDX","M","2018-06",101.4834,
"ITA","CCI","AMPLITUD","LTRENDIDX","M","2018-07",101.6889,
"ITA","CCI","AMPLITUD","LTRENDIDX","M","2018-08",101.7397,
"ITA","CCI","AMPLITUD","LTRENDIDX","M","2018-09",101.7188,
"ITA","CCI","AMPLITUD","LTRENDIDX","M","2018-10",101.6526,
"ITA","CCI","AMPLITUD","LTRENDIDX","M","2018-11",101.5322,
"ITA","CCI","AMPLITUD","LTRENDIDX","M","2018-12",101.4319,
"ITA","CCI","AMPLITUD","LTRENDIDX","M","2019-01",101.2847,
"ITA","CCI","AMPLITUD","LTRENDIDX","M","2019-02",101.035,
"ITA","CCI","AMPLITUD","LTRENDIDX","M","2019-03",100.8131,
"ITA","CCI","AMPLITUD","LTRENDIDX","M","2019-04",100.7325,
"ITA","CCI","AMPLITUD","LTRENDIDX","M","2019-05",100.7656,
"ITA","CCI","AMPLITUD","LTRENDIDX","M","2019-06",100.7452,
"ITA","CCI","AMPLITUD","LTRENDIDX","M","2019-07",100.7298,
"ITA","CCI","AMPLITUD","LTRENDIDX","M","2019-08",100.5455,
"ITA","CCI","AMPLITUD","LTRENDIDX","M","2019-09",100.333,
"ITA","CCI","AMPLITUD","LTRENDIDX","M","2019-10",100.2006,
"ITA","CCI","AMPLITUD","LTRENDIDX","M","2019-11",100.1701,
"ITA","CCI","AMPLITUD","LTRENDIDX","M","2019-12",100.3095,
"ITA","CCI","AMPLITUD","LTRENDIDX","M","2020-01",100.2844,
"ITA","CCI","AMPLITUD","LTRENDIDX","M","2020-02",99.80419,
"ITA","CCI","AMPLITUD","LTRENDIDX","M","2020-03",98.99278,
"ITA","CCI","AMPLITUD","LTRENDIDX","M","2020-04",98.62933,
"ITA","CCI","AMPLITUD","LTRENDIDX","M","2020-05",98.83174,
"ITA","CCI","AMPLITUD","LTRENDIDX","M","2020-06",99.39349,
"ITA","CCI","AMPLITUD","LTRENDIDX","M","2020-07",99.68764,
"ITA","CCI","AMPLITUD","LTRENDIDX","M","2020-08",99.80743,
"ITA","CCI","AMPLITUD","LTRENDIDX","M","2020-09",99.71356,
"ITA","CCI","AMPLITUD","LTRENDIDX","M","2020-10",99.38046,
"ITA","CCI","AMPLITUD","LTRENDIDX","M","2020-11",99.18265,
"ITA","CCI","AMPLITUD","LTRENDIDX","M","2020-12",99.40331,
"ITA","CCI","AMPLITUD","LTRENDIDX","M","2021-01",99.76705,
"ITA","CCI","AMPLITUD","LTRENDIDX","M","2021-02",100.2567,
"ITA","CCI","AMPLITUD","LTRENDIDX","M","2021-03",100.856,
"ITA","CCI","AMPLITUD","LTRENDIDX","M","2021-04",101.5652,
"ITA","CCI","AMPLITUD","LTRENDIDX","M","2021-05",102.3603,
"ITA","CCI","AMPLITUD","LTRENDIDX","M","2021-06",102.8567,
"ITA","CCI","AMPLITUD","LTRENDIDX","M","2021-07",103.0032,
"ITA","CCI","AMPLITUD","LTRENDIDX","M","2021-08",102.9316,
"ITA","CCI","AMPLITUD","LTRENDIDX","M","2021-09",102.8638,
"ITA","CCI","AMPLITUD","LTRENDIDX","M","2021-10",102.8367,
"ITA","CCI","AMPLITUD","LTRENDIDX","M","2021-11",102.6645,
"ITA","CCI","AMPLITUD","LTRENDIDX","M","2021-12",102.2842,
"ITA","CCI","AMPLITUD","LTRENDIDX","M","2022-01",101.7423,
"ITA","CCI","AMPLITUD","LTRENDIDX","M","2022-02",101.2555,
"DEU","CCI","AMPLITUD","LTRENDIDX","M","2014-01",101.4814,
"DEU","CCI","AMPLITUD","LTRENDIDX","M","2014-02",101.566,
"DEU","CCI","AMPLITUD","LTRENDIDX","M","2014-03",101.6134,
"DEU","CCI","AMPLITUD","LTRENDIDX","M","2014-04",101.6752,
"DEU","CCI","AMPLITUD","LTRENDIDX","M","2014-05",101.7631,
"DEU","CCI","AMPLITUD","LTRENDIDX","M","2014-06",101.766,
"DEU","CCI","AMPLITUD","LTRENDIDX","M","2014-07",101.6702,
"DEU","CCI","AMPLITUD","LTRENDIDX","M","2014-08",101.5149,
"DEU","CCI","AMPLITUD","LTRENDIDX","M","2014-09",101.3855,
"DEU","CCI","AMPLITUD","LTRENDIDX","M","2014-10",101.3444,
"DEU","CCI","AMPLITUD","LTRENDIDX","M","2014-11",101.3138,
"DEU","CCI","AMPLITUD","LTRENDIDX","M","2014-12",101.3427,
"DEU","CCI","AMPLITUD","LTRENDIDX","M","2015-01",101.4117,
"DEU","CCI","AMPLITUD","LTRENDIDX","M","2015-02",101.507,
"DEU","CCI","AMPLITUD","LTRENDIDX","M","2015-03",101.6126,
"DEU","CCI","AMPLITUD","LTRENDIDX","M","2015-04",101.6558,
"DEU","CCI","AMPLITUD","LTRENDIDX","M","2015-05",101.627,
"DEU","CCI","AMPLITUD","LTRENDIDX","M","2015-06",101.5572,
"DEU","CCI","AMPLITUD","LTRENDIDX","M","2015-07",101.5056,
"DEU","CCI","AMPLITUD","LTRENDIDX","M","2015-08",101.4656,
"DEU","CCI","AMPLITUD","LTRENDIDX","M","2015-09",101.3344,
"DEU","CCI","AMPLITUD","LTRENDIDX","M","2015-10",101.1784,
"DEU","CCI","AMPLITUD","LTRENDIDX","M","2015-11",101.0982,
"DEU","CCI","AMPLITUD","LTRENDIDX","M","2015-12",101.0773,
"DEU","CCI","AMPLITUD","LTRENDIDX","M","2016-01",101.0011,
"DEU","CCI","AMPLITUD","LTRENDIDX","M","2016-02",100.9235,
"DEU","CCI","AMPLITUD","LTRENDIDX","M","2016-03",100.8971,
"DEU","CCI","AMPLITUD","LTRENDIDX","M","2016-04",100.9489,
"DEU","CCI","AMPLITUD","LTRENDIDX","M","2016-05",101.0241,
"DEU","CCI","AMPLITUD","LTRENDIDX","M","2016-06",101.1193,
"DEU","CCI","AMPLITUD","LTRENDIDX","M","2016-07",101.2066,
"DEU","CCI","AMPLITUD","LTRENDIDX","M","2016-08",101.3232,
"DEU","CCI","AMPLITUD","LTRENDIDX","M","2016-09",101.4228,
"DEU","CCI","AMPLITUD","LTRENDIDX","M","2016-10",101.5042,
"DEU","CCI","AMPLITUD","LTRENDIDX","M","2016-11",101.5529,
"DEU","CCI","AMPLITUD","LTRENDIDX","M","2016-12",101.5212,
"DEU","CCI","AMPLITUD","LTRENDIDX","M","2017-01",101.4228,
"DEU","CCI","AMPLITUD","LTRENDIDX","M","2017-02",101.3237,
"DEU","CCI","AMPLITUD","LTRENDIDX","M","2017-03",101.3584,
"DEU","CCI","AMPLITUD","LTRENDIDX","M","2017-04",101.4809,
"DEU","CCI","AMPLITUD","LTRENDIDX","M","2017-05",101.6351,
"DEU","CCI","AMPLITUD","LTRENDIDX","M","2017-06",101.7752,
"DEU","CCI","AMPLITUD","LTRENDIDX","M","2017-07",101.8758,
"DEU","CCI","AMPLITUD","LTRENDIDX","M","2017-08",101.9549,
"DEU","CCI","AMPLITUD","LTRENDIDX","M","2017-09",102.0561,
"DEU","CCI","AMPLITUD","LTRENDIDX","M","2017-10",102.1484,
"DEU","CCI","AMPLITUD","LTRENDIDX","M","2017-11",102.1686,
"DEU","CCI","AMPLITUD","LTRENDIDX","M","2017-12",102.1544,
"DEU","CCI","AMPLITUD","LTRENDIDX","M","2018-01",102.1622,
"DEU","CCI","AMPLITUD","LTRENDIDX","M","2018-02",102.1386,
"DEU","CCI","AMPLITUD","LTRENDIDX","M","2018-03",102.0351,
"DEU","CCI","AMPLITUD","LTRENDIDX","M","2018-04",101.8931,
"DEU","CCI","AMPLITUD","LTRENDIDX","M","2018-05",101.7632,
"DEU","CCI","AMPLITUD","LTRENDIDX","M","2018-06",101.6631,
"DEU","CCI","AMPLITUD","LTRENDIDX","M","2018-07",101.6254,
"DEU","CCI","AMPLITUD","LTRENDIDX","M","2018-08",101.6951,
"DEU","CCI","AMPLITUD","LTRENDIDX","M","2018-09",101.7631,
"DEU","CCI","AMPLITUD","LTRENDIDX","M","2018-10",101.7619,
"DEU","CCI","AMPLITUD","LTRENDIDX","M","2018-11",101.7008,
"DEU","CCI","AMPLITUD","LTRENDIDX","M","2018-12",101.6052,
"DEU","CCI","AMPLITUD","LTRENDIDX","M","2019-01",101.5574,
"DEU","CCI","AMPLITUD","LTRENDIDX","M","2019-02",101.5465,
"DEU","CCI","AMPLITUD","LTRENDIDX","M","2019-03",101.516,
"DEU","CCI","AMPLITUD","LTRENDIDX","M","2019-04",101.4159,
"DEU","CCI","AMPLITUD","LTRENDIDX","M","2019-05",101.2534,
"DEU","CCI","AMPLITUD","LTRENDIDX","M","2019-06",101.0703,
"DEU","CCI","AMPLITUD","LTRENDIDX","M","2019-07",100.9621,
"DEU","CCI","AMPLITUD","LTRENDIDX","M","2019-08",100.9128,
"DEU","CCI","AMPLITUD","LTRENDIDX","M","2019-09",100.9445,
"DEU","CCI","AMPLITUD","LTRENDIDX","M","2019-10",100.9618,
"DEU","CCI","AMPLITUD","LTRENDIDX","M","2019-11",101.0267,
"DEU","CCI","AMPLITUD","LTRENDIDX","M","2019-12",100.9941,
"DEU","CCI","AMPLITUD","LTRENDIDX","M","2020-01",100.8763,
"DEU","CCI","AMPLITUD","LTRENDIDX","M","2020-02",100.5277,
"DEU","CCI","AMPLITUD","LTRENDIDX","M","2020-03",99.78326,
"DEU","CCI","AMPLITUD","LTRENDIDX","M","2020-04",99.01142,
"DEU","CCI","AMPLITUD","LTRENDIDX","M","2020-05",98.835,
"DEU","CCI","AMPLITUD","LTRENDIDX","M","2020-06",99.12143,
"DEU","CCI","AMPLITUD","LTRENDIDX","M","2020-07",99.46635,
"DEU","CCI","AMPLITUD","LTRENDIDX","M","2020-08",99.72626,
"DEU","CCI","AMPLITUD","LTRENDIDX","M","2020-09",99.77599,
"DEU","CCI","AMPLITUD","LTRENDIDX","M","2020-10",99.61736,
"DEU","CCI","AMPLITUD","LTRENDIDX","M","2020-11",99.37041,
"DEU","CCI","AMPLITUD","LTRENDIDX","M","2020-12",99.18633,
"DEU","CCI","AMPLITUD","LTRENDIDX","M","2021-01",99.06435,
"DEU","CCI","AMPLITUD","LTRENDIDX","M","2021-02",99.26113,
"DEU","CCI","AMPLITUD","LTRENDIDX","M","2021-03",99.69595,
"DEU","CCI","AMPLITUD","LTRENDIDX","M","2021-04",100.1635,
"DEU","CCI","AMPLITUD","LTRENDIDX","M","2021-05",100.6774,
"DEU","CCI","AMPLITUD","LTRENDIDX","M","2021-06",101.0635,
"DEU","CCI","AMPLITUD","LTRENDIDX","M","2021-07",101.1839,
"DEU","CCI","AMPLITUD","LTRENDIDX","M","2021-08",101.1851,
"DEU","CCI","AMPLITUD","LTRENDIDX","M","2021-09",101.2142,
"DEU","CCI","AMPLITUD","LTRENDIDX","M","2021-10",101.1101,
"DEU","CCI","AMPLITUD","LTRENDIDX","M","2021-11",100.8662,
"DEU","CCI","AMPLITUD","LTRENDIDX","M","2021-12",100.6525,
"DEU","CCI","AMPLITUD","LTRENDIDX","M","2022-01",100.5681,
"DEU","CCI","AMPLITUD","LTRENDIDX","M","2022-02",100.4653,
"EA19","CCI","AMPLITUD","LTRENDIDX","M","2014-01",99.11706,
"EA19","CCI","AMPLITUD","LTRENDIDX","M","2014-02",99.34658,
"EA19","CCI","AMPLITUD","LTRENDIDX","M","2014-03",99.60226,
"EA19","CCI","AMPLITUD","LTRENDIDX","M","2014-04",99.81816,
"EA19","CCI","AMPLITUD","LTRENDIDX","M","2014-05",99.98633,
"EA19","CCI","AMPLITUD","LTRENDIDX","M","2014-06",100.0036,
"EA19","CCI","AMPLITUD","LTRENDIDX","M","2014-07",99.87981,
"EA19","CCI","AMPLITUD","LTRENDIDX","M","2014-08",99.68879,
"EA19","CCI","AMPLITUD","LTRENDIDX","M","2014-09",99.56709,
"EA19","CCI","AMPLITUD","LTRENDIDX","M","2014-10",99.56006,
"EA19","CCI","AMPLITUD","LTRENDIDX","M","2014-11",99.61803,
"EA19","CCI","AMPLITUD","LTRENDIDX","M","2014-12",99.82295,
"EA19","CCI","AMPLITUD","LTRENDIDX","M","2015-01",100.1422,
"EA19","CCI","AMPLITUD","LTRENDIDX","M","2015-02",100.5059,
"EA19","CCI","AMPLITUD","LTRENDIDX","M","2015-03",100.7697,
"EA19","CCI","AMPLITUD","LTRENDIDX","M","2015-04",100.8531,
"EA19","CCI","AMPLITUD","LTRENDIDX","M","2015-05",100.7887,
"EA19","CCI","AMPLITUD","LTRENDIDX","M","2015-06",100.6705,
"EA19","CCI","AMPLITUD","LTRENDIDX","M","2015-07",100.5927,
"EA19","CCI","AMPLITUD","LTRENDIDX","M","2015-08",100.6737,
"EA19","CCI","AMPLITUD","LTRENDIDX","M","2015-09",100.8209,
"EA19","CCI","AMPLITUD","LTRENDIDX","M","2015-10",100.9939,
"EA19","CCI","AMPLITUD","LTRENDIDX","M","2015-11",101.1518,
"EA19","CCI","AMPLITUD","LTRENDIDX","M","2015-12",101.2055,
"EA19","CCI","AMPLITUD","LTRENDIDX","M","2016-01",101.0479,
"EA19","CCI","AMPLITUD","LTRENDIDX","M","2016-02",100.7509,
"EA19","CCI","AMPLITUD","LTRENDIDX","M","2016-03",100.5038,
"EA19","CCI","AMPLITUD","LTRENDIDX","M","2016-04",100.4399,
"EA19","CCI","AMPLITUD","LTRENDIDX","M","2016-05",100.4761,
"EA19","CCI","AMPLITUD","LTRENDIDX","M","2016-06",100.5333,
"EA19","CCI","AMPLITUD","LTRENDIDX","M","2016-07",100.5634,
"EA19","CCI","AMPLITUD","LTRENDIDX","M","2016-08",100.617,
"EA19","CCI","AMPLITUD","LTRENDIDX","M","2016-09",100.7194,
"EA19","CCI","AMPLITUD","LTRENDIDX","M","2016-10",100.8797,
"EA19","CCI","AMPLITUD","LTRENDIDX","M","2016-11",101.02,
"EA19","CCI","AMPLITUD","LTRENDIDX","M","2016-12",101.0655,
"EA19","CCI","AMPLITUD","LTRENDIDX","M","2017-01",100.9927,
"EA19","CCI","AMPLITUD","LTRENDIDX","M","2017-02",100.8777,
"EA19","CCI","AMPLITUD","LTRENDIDX","M","2017-03",100.9066,
"EA19","CCI","AMPLITUD","LTRENDIDX","M","2017-04",101.0509,
"EA19","CCI","AMPLITUD","LTRENDIDX","M","2017-05",101.2589,
"EA19","CCI","AMPLITUD","LTRENDIDX","M","2017-06",101.4989,
"EA19","CCI","AMPLITUD","LTRENDIDX","M","2017-07",101.7083,
"EA19","CCI","AMPLITUD","LTRENDIDX","M","2017-08",101.8671,
"EA19","CCI","AMPLITUD","LTRENDIDX","M","2017-09",102.0078,
"EA19","CCI","AMPLITUD","LTRENDIDX","M","2017-10",102.1506,
"EA19","CCI","AMPLITUD","LTRENDIDX","M","2017-11",102.2568,
"EA19","CCI","AMPLITUD","LTRENDIDX","M","2017-12",102.3058,
"EA19","CCI","AMPLITUD","LTRENDIDX","M","2018-01",102.251,
"EA19","CCI","AMPLITUD","LTRENDIDX","M","2018-02",102.1281,
"EA19","CCI","AMPLITUD","LTRENDIDX","M","2018-03",101.9845,
"EA19","CCI","AMPLITUD","LTRENDIDX","M","2018-04",101.8763,
"EA19","CCI","AMPLITUD","LTRENDIDX","M","2018-05",101.7928,
"EA19","CCI","AMPLITUD","LTRENDIDX","M","2018-06",101.7648,
"EA19","CCI","AMPLITUD","LTRENDIDX","M","2018-07",101.7594,
"EA19","CCI","AMPLITUD","LTRENDIDX","M","2018-08",101.7086,
"EA19","CCI","AMPLITUD","LTRENDIDX","M","2018-09",101.6089,
"EA19","CCI","AMPLITUD","LTRENDIDX","M","2018-10",101.4772,
"EA19","CCI","AMPLITUD","LTRENDIDX","M","2018-11",101.2632,
"EA19","CCI","AMPLITUD","LTRENDIDX","M","2018-12",101.0434,
"EA19","CCI","AMPLITUD","LTRENDIDX","M","2019-01",100.9842,
"EA19","CCI","AMPLITUD","LTRENDIDX","M","2019-02",101.0292,
"EA19","CCI","AMPLITUD","LTRENDIDX","M","2019-03",101.0832,
"EA19","CCI","AMPLITUD","LTRENDIDX","M","2019-04",101.0934,
"EA19","CCI","AMPLITUD","LTRENDIDX","M","2019-05",101.1197,
"EA19","CCI","AMPLITUD","LTRENDIDX","M","2019-06",101.1062,
"EA19","CCI","AMPLITUD","LTRENDIDX","M","2019-07",101.1048,
"EA19","CCI","AMPLITUD","LTRENDIDX","M","2019-08",101.0698,
"EA19","CCI","AMPLITUD","LTRENDIDX","M","2019-09",101.0472,
"EA19","CCI","AMPLITUD","LTRENDIDX","M","2019-10",100.9899,
"EA19","CCI","AMPLITUD","LTRENDIDX","M","2019-11",100.9692,
"EA19","CCI","AMPLITUD","LTRENDIDX","M","2019-12",100.918,
"EA19","CCI","AMPLITUD","LTRENDIDX","M","2020-01",100.777,
"EA19","CCI","AMPLITUD","LTRENDIDX","M","2020-02",100.2638,
"EA19","CCI","AMPLITUD","LTRENDIDX","M","2020-03",99.07681,
"EA19","CCI","AMPLITUD","LTRENDIDX","M","2020-04",97.81547,
"EA19","CCI","AMPLITUD","LTRENDIDX","M","2020-05",97.60011,
"EA19","CCI","AMPLITUD","LTRENDIDX","M","2020-06",98.04115,
"EA19","CCI","AMPLITUD","LTRENDIDX","M","2020-07",98.42641,
"EA19","CCI","AMPLITUD","LTRENDIDX","M","2020-08",98.62814,
"EA19","CCI","AMPLITUD","LTRENDIDX","M","2020-09",98.62381,
"EA19","CCI","AMPLITUD","LTRENDIDX","M","2020-10",98.38834,
"EA19","CCI","AMPLITUD","LTRENDIDX","M","2020-11",98.21204,
"EA19","CCI","AMPLITUD","LTRENDIDX","M","2020-12",98.34032,
"EA19","CCI","AMPLITUD","LTRENDIDX","M","2021-01",98.49161,
"EA19","CCI","AMPLITUD","LTRENDIDX","M","2021-02",98.9205,
"EA19","CCI","AMPLITUD","LTRENDIDX","M","2021-03",99.73342,
"EA19","CCI","AMPLITUD","LTRENDIDX","M","2021-04",100.6479,
"EA19","CCI","AMPLITUD","LTRENDIDX","M","2021-05",101.4337,
"EA19","CCI","AMPLITUD","LTRENDIDX","M","2021-06",101.8762,
"EA19","CCI","AMPLITUD","LTRENDIDX","M","2021-07",101.9313,
"EA19","CCI","AMPLITUD","LTRENDIDX","M","2021-08",101.8471,
"EA19","CCI","AMPLITUD","LTRENDIDX","M","2021-09",101.764,
"EA19","CCI","AMPLITUD","LTRENDIDX","M","2021-10",101.5167,
"EA19","CCI","AMPLITUD","LTRENDIDX","M","2021-11",101.125,
"EA19","CCI","AMPLITUD","LTRENDIDX","M","2021-12",100.7585,
"EA19","CCI","AMPLITUD","LTRENDIDX","M","2022-01",100.5332,
"EA19","CCI","AMPLITUD","LTRENDIDX","M","2022-02",100.376,
